item,mean
BD0101EN,2.991054001301236
BD0111EN,2.9886086248982915
DA0101EN,3.0
DS0101EN,2.9967535102670237
PY0101EN,2.9994137046537195
